BIO,BIO,BIO,BIO,BIO,BIO,ALB,ALB,ALB,ALB,ALB,ALB,C,C,C,C,C,C
Open,High,Low,Close,Adj Close,Volume,Open,High,Low,Close,Adj Close,Volume,Open,High,Low,Close,Adj Close,Volume
469.8999938964844,477.2799987792969,462.9200134277344,467.5199890136719,467.5199890136719,211200,208.75,215.39999389648438,204.66000366210938,213.1999969482422,211.08294677734375,1795300,44.709999084472656,45.7400016784668,43.90999984741211,44.09000015258789,42.15673828125,31899900
470.760009765625,480.6099853515625,470.760009765625,480.2900085449219,480.2900085449219,156100,218.5800018310547,223.91000366210938,216.77000427246094,222.92999267578125,220.71629333496094,1905100,45.56999969482422,46.02000045776367,44.95000076293945,45.06999969482422,43.09376907348633,29835600
480.04998779296875,482.95001220703125,465.739990234375,466.2099914550781,466.2099914550781,155500,223.38999938964844,225.83999633789062,216.07000732421875,216.11000061035156,213.9640350341797,1515900,45.18000030517578,45.310001373291016,43.68000030517578,43.709999084472656,41.793399810791016,21672000
467.4200134277344,469.79998779296875,451.0,456.32000732421875,456.32000732421875,194100,218.5800018310547,224.55999755859375,213.07000732421875,215.63999938964844,213.49868774414062,1422800,44.310001373291016,44.849998474121094,43.11000061035156,43.45000076293945,41.544803619384766,24112600
452.75,460.8999938964844,450.04998779296875,460.7799987792969,460.7799987792969,138400,212.41000366210938,217.94000244140625,208.6699981689453,217.7899932861328,215.62733459472656,1588200,42.84000015258789,43.119998931884766,42.0099983215332,43.11000061035156,41.21971130371094,25453900
464.489990234375,471.6300048828125,463.3500061035156,470.54998779296875,470.54998779296875,150400,220.9499969482422,221.9600067138672,216.60000610351562,218.8800048828125,216.70652770996094,2045000,44.060001373291016,45.0,43.880001068115234,44.779998779296875,42.81648254394531,29335200
468.5299987792969,472.9100036621094,467.3599853515625,471.0,471.0,98300,222.3000030517578,224.7100067138672,216.47000122070312,218.16000366210938,215.99366760253906,1817500,44.720001220703125,45.22999954223633,44.4900016784668,45.220001220703125,43.2371940612793,16206000
473.70001220703125,477.54998779296875,468.989990234375,471.9700012207031,471.9700012207031,89500,223.0,224.7100067138672,218.55999755859375,224.4600067138672,222.23110961914062,1373900,45.59000015258789,46.0099983215332,45.459999084472656,45.95000076293945,43.93518829345703,15047000
477.5299987792969,480.739990234375,468.79998779296875,471.7799987792969,471.7799987792969,115700,228.66000366210938,229.32000732421875,222.42999267578125,222.44000244140625,220.23117065429688,1294000,46.47999954223633,46.63999938964844,45.7400016784668,46.06999969482422,44.049922943115234,14226400
471.7799987792969,479.4100036621094,469.7099914550781,479.0199890136719,479.0199890136719,143000,223.22999572753906,224.57000732421875,219.22000122070312,221.0399932861328,218.84506225585938,1835400,46.599998474121094,46.970001220703125,46.33000183105469,46.88999938964844,44.83396530151367,16009200
476.4700012207031,477.8299865722656,461.0,464.82000732421875,464.82000732421875,146000,221.22000122070312,223.2899932861328,217.30999755859375,218.42999267578125,216.260986328125,1507600,47.13999938964844,47.4900016784668,46.43000030517578,46.709999084472656,44.661861419677734,16633100
465.260009765625,468.4200134277344,461.1099853515625,462.32000732421875,462.32000732421875,116100,216.94000244140625,216.94000244140625,207.1999969482422,209.57000732421875,207.48898315429688,2212500,46.900001525878906,47.02000045776367,45.650001525878906,46.09000015258789,44.06904602050781,15542400
459.989990234375,468.8299865722656,459.989990234375,463.79998779296875,463.79998779296875,80100,200.9600067138672,201.1199951171875,193.25999450683594,196.7100067138672,194.75669860839844,4657500,45.470001220703125,46.189998626708984,45.310001373291016,45.77000045776367,43.76307678222656,11739100
462.6099853515625,466.42999267578125,456.6499938964844,466.239990234375,466.239990234375,95600,195.17999267578125,195.99000549316406,193.02000427246094,194.67999267578125,192.746826171875,2014400,45.79999923706055,46.209999084472656,45.52000045776367,45.86000061035156,43.84912872314453,11918100
463.1700134277344,470.30999755859375,459.3699951171875,469.95001220703125,469.95001220703125,107200,194.47000122070312,199.89999389648438,193.58999633789062,199.82000732421875,197.83580017089844,2008200,45.790000915527344,46.7599983215332,45.77000045776367,46.52000045776367,44.480194091796875,11777100
473.3299865722656,477.3500061035156,470.44000244140625,472.010009765625,472.010009765625,82200,201.30999755859375,202.35000610351562,197.0500030517578,201.7100067138672,199.70703125,1736700,46.66999816894531,47.369998931884766,46.59000015258789,47.20000076293945,45.130374908447266,14177300
476.57000732421875,482.82000732421875,475.6000061035156,476.8299865722656,476.8299865722656,116200,205.85000610351562,206.75999450683594,201.44000244140625,201.6999969482422,199.69712829589844,1320100,47.47999954223633,47.63999938964844,46.52000045776367,46.91999816894531,44.862648010253906,14330900
478.8500061035156,486.9599914550781,476.75,485.7099914550781,485.7099914550781,90100,203.19000244140625,205.33999633789062,199.9600067138672,203.00999450683594,200.99412536621094,1280100,46.900001525878906,47.59000015258789,46.58000183105469,47.29999923706055,45.225990295410156,15578900
486.5,494.04998779296875,478.760009765625,479.25,479.25,134800,204.58999633789062,212.47000122070312,203.52999877929688,204.0,201.97427368164062,2266800,48.16999816894531,49.88999938964844,48.02000045776367,49.560001373291016,47.386898040771484,33064500
479.8900146484375,485.4200134277344,476.0899963378906,481.510009765625,481.510009765625,122700,205.02000427246094,208.3699951171875,204.52999877929688,205.89999389648438,203.85540771484375,3497800,49.7599983215332,49.810001373291016,49.09000015258789,49.689998626708984,47.51119613647461,19590400
481.54998779296875,481.54998779296875,475.44000244140625,479.1600036621094,479.1600036621094,99900,209.64999389648438,212.22000122070312,203.94000244140625,205.27000427246094,203.231689453125,2059800,49.93000030517578,50.29999923706055,49.45000076293945,50.08000183105469,47.88409423828125,16616200
476.44000244140625,489.3599853515625,475.25,486.3999938964844,486.3999938964844,117200,202.44000244140625,205.0,201.50999450683594,203.77999877929688,201.75645446777344,1092600,49.72999954223633,50.45000076293945,49.380001068115234,50.400001525878906,48.190059661865234,14894000
473.760009765625,473.760009765625,456.95001220703125,459.07000732421875,459.07000732421875,161100,198.36000061035156,200.35000610351562,193.0500030517578,193.0500030517578,191.1330108642578,2432500,49.810001373291016,50.04999923706055,49.099998474121094,49.400001525878906,47.233909606933594,20410200
462.05999755859375,468.82000732421875,458.69000244140625,467.25,467.25,105500,188.5,188.55999755859375,171.82000732421875,173.75,172.024658203125,8800100,48.959999084472656,49.220001220703125,48.31999969482422,49.029998779296875,46.880130767822266,14377300
466.6400146484375,469.05999755859375,461.20001220703125,461.79998779296875,461.79998779296875,147500,178.55999755859375,184.8000030517578,177.7100067138672,183.9600067138672,182.13327026367188,5918200,49.029998779296875,49.310001373291016,48.75,49.029998779296875,46.880130767822266,11208800
457.3900146484375,457.3900146484375,436.30999755859375,437.2699890136719,437.2699890136719,203000,179.94000244140625,180.6300048828125,176.33999633789062,176.66000366210938,174.90576171875,2720700,48.5,48.650001525878906,47.720001220703125,47.900001525878906,45.7996826171875,15374000
433.7900085449219,445.29998779296875,433.7900085449219,436.0,436.0,148500,177.52999877929688,182.99000549316406,177.52999877929688,181.1999969482422,179.4006805419922,3286500,47.79999923706055,47.86000061035156,46.38999938964844,46.86000061035156,44.8052864074707,16984600
435.6099853515625,436.8599853515625,425.739990234375,436.45001220703125,436.45001220703125,136900,181.85000610351562,188.92999267578125,180.5,186.0,184.1530303955078,2417800,47.040000915527344,47.349998474121094,46.439998626708984,47.029998779296875,44.96782684326172,16541400
437.9200134277344,454.8999938964844,434.6000061035156,450.7900085449219,450.7900085449219,148100,185.3000030517578,186.0,182.7100067138672,185.4600067138672,183.61839294433594,2516500,46.189998626708984,47.33000183105469,46.040000915527344,47.06999969482422,45.49947738647461,15216400
448.70001220703125,456.5400085449219,448.70001220703125,453.9100036621094,453.9100036621094,109200,187.52999877929688,187.7899932861328,177.0800018310547,177.27000427246094,175.5097198486328,1906200,47.880001068115234,48.380001068115234,47.16999816894531,47.25,45.6734733581543,18314800
451.1000061035156,453.1499938964844,443.32000732421875,451.4800109863281,451.4800109863281,105900,175.35000610351562,176.2100067138672,172.25999450683594,173.39999389648438,171.67813110351562,2315100,46.81999969482422,47.060001373291016,45.560001373291016,46.0,44.465179443359375,19450100
453.4700012207031,473.5,453.4700012207031,463.8599853515625,463.8599853515625,158400,180.4499969482422,182.3800048828125,172.69000244140625,172.91000366210938,171.19300842285156,3640800,46.130001068115234,46.599998474121094,45.630001068115234,45.66999816894531,44.14618682861328,14533500
467.760009765625,468.45001220703125,458.7799987792969,462.6099853515625,462.6099853515625,126600,173.0,184.92999267578125,172.6199951171875,175.64999389648438,173.90579223632812,4558400,45.040000915527344,45.400001525878906,44.08000183105469,44.900001525878906,43.401885986328125,20601800
400.0,400.0,373.07000732421875,385.239990234375,385.239990234375,838900,179.42999267578125,185.0,179.42999267578125,179.6999969482422,177.9155731201172,2363000,45.79999923706055,46.5,45.66999816894531,46.31999969482422,44.77450180053711,13380500
384.69000244140625,390.7099914550781,376.0,378.3900146484375,378.3900146484375,482800,184.0,186.88999938964844,183.05999755859375,185.8800048828125,184.0342254638672,2718600,46.880001068115234,47.150001525878906,46.27000045776367,46.36000061035156,44.81317138671875,8760900
374.44000244140625,375.5400085449219,364.0,366.8599853515625,366.8599853515625,257700,187.5,197.38999938964844,187.5,195.1699981689453,193.23194885253906,3323700,45.90999984741211,46.7599983215332,45.790000915527344,46.52000045776367,44.967830657958984,10188800
372.6499938964844,373.1600036621094,365.1300048828125,365.69000244140625,365.69000244140625,260200,198.8300018310547,199.8000030517578,192.24000549316406,194.50999450683594,192.57850646972656,2329100,47.150001525878906,47.189998626708984,45.59000015258789,46.369998931884766,44.82283401489258,11840000
362.9700012207031,367.07000732421875,357.9599914550781,364.3399963378906,364.3399963378906,307100,199.44000244140625,201.67999267578125,197.3000030517578,198.52000427246094,196.5487060546875,2400600,45.7400016784668,46.130001068115234,45.43000030517578,46.029998779296875,44.49417495727539,11222800
363.6300048828125,374.8599853515625,361.010009765625,372.510009765625,372.510009765625,250900,198.5800018310547,200.75999450683594,194.3699951171875,195.7899932861328,193.84579467773438,1428900,46.33000183105469,46.380001068115234,45.06999969482422,45.45000076293945,43.93353271484375,12810300
375.3500061035156,383.9800109863281,371.20001220703125,381.75,381.75,255200,200.66000366210938,208.1699981689453,200.66000366210938,203.75,201.72677612304688,2564300,45.689998626708984,46.310001373291016,45.630001068115234,46.04999923706055,44.513511657714844,11911300
380.8900146484375,386.0,377.9800109863281,384.6700134277344,384.6700134277344,230900,202.27000427246094,207.77999877929688,201.60000610351562,205.6699981689453,203.62771606445312,2260200,45.93000030517578,46.15999984741211,45.2599983215332,45.279998779296875,43.769203186035156,9201200
386.9700012207031,386.9700012207031,379.7900085449219,380.42999267578125,380.42999267578125,317600,205.11000061035156,209.6300048828125,203.32000732421875,207.99000549316406,205.9246826171875,1581100,45.779998779296875,47.11000061035156,45.779998779296875,47.08000183105469,45.50914764404297,16359100
380.739990234375,383.1300048828125,376.1300048828125,380.29998779296875,380.29998779296875,212700,212.07000732421875,212.67999267578125,208.2899932861328,210.13999938964844,208.0532989501953,2021800,46.97999954223633,46.97999954223633,45.86000061035156,46.38999938964844,44.842166900634766,17618000
382.8299865722656,391.3999938964844,382.1199951171875,382.1400146484375,382.1400146484375,259400,208.5,209.42999267578125,203.4499969482422,204.14999389648438,202.122802734375,1577600,46.459999084472656,46.72999954223633,45.619998931884766,45.709999084472656,44.184852600097656,15406400
382.1499938964844,391.0899963378906,382.1499938964844,387.1499938964844,387.1499938964844,218200,209.5,210.57000732421875,205.22000122070312,206.5,204.449462890625,1882300,45.970001220703125,46.099998474121094,45.45000076293945,45.790000915527344,44.26218795776367,14471000
386.2300109863281,393.05999755859375,380.9200134277344,382.55999755859375,382.55999755859375,231400,206.4199981689453,220.10000610351562,206.00999450683594,216.07000732421875,213.92442321777344,4014300,45.84000015258789,46.81999969482422,45.79999923706055,45.90999984741211,44.37818145751953,13797100
376.9200134277344,376.9200134277344,369.04998779296875,373.760009765625,373.760009765625,281800,214.2899932861328,214.80999755859375,209.49000549316406,212.22999572753906,210.12254333496094,1787200,45.15999984741211,45.2400016784668,44.209999084472656,44.4900016784668,43.00556182861328,23744900
372.5400085449219,376.3800048828125,368.8399963378906,372.9599914550781,372.9599914550781,244600,211.5,211.86000061035156,202.8000030517578,204.97000122070312,202.9346466064453,2912500,44.29999923706055,44.79999923706055,43.880001068115234,44.22999954223633,42.75423812866211,18109400
375.7900085449219,381.8999938964844,369.8699951171875,379.0,379.0,204100,208.3000030517578,208.6300048828125,201.02000427246094,203.99000549316406,201.96438598632812,1743500,44.459999084472656,44.650001525878906,43.9900016784668,44.599998474121094,43.11189270019531,11962600
379.8699951171875,385.3599853515625,378.0799865722656,379.760009765625,379.760009765625,276600,204.75,206.02999877929688,199.10000610351562,201.86000061035156,199.85552978515625,1690100,44.72999954223633,44.88999938964844,44.25,44.70000076293945,43.20855712890625,12431100
378.1000061035156,378.9599914550781,367.6499938964844,373.3500061035156,373.3500061035156,312200,199.92999267578125,200.97000122070312,192.42999267578125,193.52999877929688,191.60824584960938,2551600,44.20000076293945,44.40999984741211,43.709999084472656,44.31999969482422,42.84123229980469,18154100
374.25,378.0,369.6700134277344,371.3599853515625,371.3599853515625,306000,193.32000732421875,197.6300048828125,191.64999389648438,195.5399932861328,193.59828186035156,1614900,44.68000030517578,45.349998474121094,44.310001373291016,44.84000015258789,43.34388732910156,15757100
375.19000244140625,376.3500061035156,370.0799865722656,372.3599853515625,372.3599853515625,178700,203.22000122070312,210.1699981689453,202.4600067138672,208.36000061035156,206.29098510742188,2112300,45.470001220703125,46.68000030517578,45.36000061035156,46.31999969482422,44.77450180053711,19443600
372.6300048828125,375.6600036621094,362.6700134277344,368.6000061035156,368.6000061035156,247400,209.36000061035156,209.5399932861328,204.7100067138672,206.1699981689453,204.1227264404297,1242500,46.36000061035156,46.47999954223633,45.810001373291016,46.2400016784668,44.69717788696289,11004700
369.4599914550781,374.3999938964844,366.2799987792969,370.7799987792969,370.7799987792969,211500,204.0,215.35000610351562,203.52999877929688,213.11000061035156,210.99380493164062,1607600,46.189998626708984,47.5099983215332,46.150001525878906,47.220001220703125,45.644474029541016,14189200
371.0299987792969,373.8900146484375,366.2200012207031,372.55999755859375,372.55999755859375,175500,213.91000366210938,219.13999938964844,213.27000427246094,218.82000732421875,216.64710998535156,1918500,47.470001220703125,48.18000030517578,47.15999984741211,48.0099983215332,46.408111572265625,15457400
370.9200134277344,370.9200134277344,359.45001220703125,359.489990234375,359.489990234375,207000,218.8000030517578,220.5500030517578,216.33999633789062,219.6199951171875,217.43919372558594,1609700,47.72999954223633,48.25,47.529998779296875,48.099998474121094,46.49510955810547,12058600
361.1199951171875,365.989990234375,357.0,361.0299987792969,361.0299987792969,200000,220.0500030517578,222.8300018310547,218.36000061035156,220.5,218.31045532226562,1492600,48.099998474121094,48.56999969482422,47.90999984741211,48.29999923706055,46.688438415527344,11744000
361.6099853515625,376.55999755859375,361.6099853515625,375.9100036621094,375.9100036621094,223700,220.1699981689453,220.57000732421875,217.10000610351562,218.5500030517578,216.3798065185547,1478700,48.27000045776367,48.5,47.970001220703125,48.45000076293945,46.83343505859375,13801000
376.0,380.92999267578125,373.1300048828125,374.8599853515625,374.8599853515625,226600,220.85000610351562,229.5800018310547,219.5399932861328,228.85000610351562,226.5775146484375,2178500,48.45000076293945,49.41999816894531,48.45000076293945,48.689998626708984,47.06542205810547,14062700
377.1600036621094,377.1600036621094,369.6099853515625,370.8699951171875,370.8699951171875,178200,231.3000030517578,233.74000549316406,225.00999450683594,226.8000030517578,224.54788208007812,1942700,48.83000183105469,49.27000045776367,47.560001373291016,48.2400016784668,46.63043975830078,22053000
368.57000732421875,379.739990234375,368.57000732421875,379.05999755859375,379.05999755859375,154700,225.25,232.36000061035156,224.66000366210938,230.91000366210938,229.02098083496094,1367900,48.130001068115234,48.59000015258789,47.58000183105469,48.560001373291016,46.93976593017578,14926100
386.9200134277344,388.0,373.6400146484375,376.55999755859375,376.55999755859375,513400,231.36000061035156,231.89999389648438,227.1999969482422,228.1699981689453,226.30340576171875,2348800,48.84000015258789,48.84000015258789,48.15999984741211,48.189998626708984,46.58210754394531,18221600
362.5,372.3999938964844,356.510009765625,370.75,370.75,319000,228.57000732421875,233.60000610351562,225.08999633789062,232.22000122070312,230.3202667236328,2286600,47.90999984741211,47.90999984741211,47.08000183105469,47.61000061035156,46.021461486816406,12777700
368.7900085449219,370.0,365.3999938964844,366.4700012207031,366.4700012207031,171000,230.0,233.02999877929688,229.17999267578125,230.3800048828125,228.4953155517578,1553500,47.5,47.849998474121094,47.22999954223633,47.40999984741211,45.82813262939453,10550700
366.5,373.07000732421875,362.2099914550781,364.7799987792969,364.7799987792969,138800,228.77000427246094,228.77000427246094,222.41000366210938,226.0,224.15115356445312,1594700,47.220001220703125,47.2599983215332,46.43000030517578,46.630001068115234,45.07415771484375,11841900
362.7799987792969,370.05999755859375,362.0400085449219,365.79998779296875,365.79998779296875,286000,221.69000244140625,221.9600067138672,218.1999969482422,220.17999267578125,218.3787384033203,3467300,46.099998474121094,46.25,45.84000015258789,46.02000045776367,44.48451232910156,13249100
365.2099914550781,367.55999755859375,362.5299987792969,365.5400085449219,365.5400085449219,101600,221.85000610351562,228.02999877929688,221.3699951171875,225.22000122070312,223.3775177001953,1688700,46.119998931884766,46.689998626708984,46.0099983215332,46.2400016784668,44.69717788696289,13253900
365.92999267578125,367.3399963378906,360.8900146484375,365.75,365.75,154100,224.8000030517578,227.99000549316406,221.39999389648438,227.07000732421875,225.21241760253906,1174900,46.20000076293945,46.61000061035156,45.900001525878906,46.400001525878906,44.851837158203125,11863300
366.92999267578125,368.3599853515625,360.75,364.3800048828125,364.3800048828125,266300,225.47999572753906,225.64999389648438,216.6999969482422,217.0,215.2247772216797,1901300,46.369998931884766,46.38999938964844,45.81999969482422,46.22999954223633,44.687503814697266,13394900
364.3699951171875,375.3800048828125,361.739990234375,375.239990234375,375.239990234375,151800,217.1300048828125,219.6199951171875,215.6199951171875,218.97999572753906,217.18858337402344,1604900,46.16999816894531,46.790000915527344,46.0099983215332,46.290000915527344,44.74550247192383,18840800
377.5799865722656,380.739990234375,376.32000732421875,379.1199951171875,379.1199951171875,156300,219.2899932861328,223.8300018310547,216.60000610351562,223.08999633789062,221.26495361328125,1347900,46.779998779296875,46.79999923706055,46.029998779296875,46.040000915527344,44.503849029541016,15211800
378.1099853515625,379.6199951171875,373.6600036621094,377.55999755859375,377.55999755859375,114200,224.25999450683594,232.16000366210938,224.25999450683594,229.25999450683594,227.3844757080078,1496100,46.08000183105469,47.290000915527344,46.02000045776367,46.7400016784668,45.18049240112305,10159900
375.7699890136719,379.82000732421875,372.1199951171875,377.3299865722656,377.3299865722656,208800,228.1999969482422,232.19000244140625,226.42999267578125,229.02000427246094,227.14645385742188,1485200,46.709999084472656,47.04999923706055,46.40999984741211,46.79999923706055,45.238487243652344,11852900
372.79998779296875,381.29998779296875,369.4200134277344,377.67999267578125,377.67999267578125,143100,225.47999572753906,227.9600067138672,219.8699951171875,227.57000732421875,225.7083282470703,1690400,46.5,46.5,45.11000061035156,45.380001068115234,43.865867614746094,17431400
376.94000244140625,386.4800109863281,376.1600036621094,386.1199951171875,386.1199951171875,214400,227.0,240.25999450683594,227.0,237.52000427246094,235.576904296875,2140800,45.22999954223633,46.349998474121094,45.209999084472656,45.7400016784668,44.21385955810547,13158000
385.6600036621094,394.6000061035156,385.5,389.4599914550781,389.4599914550781,173400,237.5,241.19000244140625,236.80999755859375,239.86000061035156,237.89776611328125,1281700,45.599998474121094,46.38999938964844,45.540000915527344,45.66999816894531,44.14618682861328,14307600
387.8599853515625,395.4599914550781,385.4100036621094,395.19000244140625,395.19000244140625,204900,244.49000549316406,247.44000244140625,238.00999450683594,239.08999633789062,237.13406372070312,1526200,45.79999923706055,46.61000061035156,45.630001068115234,46.529998779296875,44.97749328613281,14132400
399.4100036621094,403.6499938964844,396.05999755859375,396.3900146484375,396.3900146484375,193800,240.0,246.7100067138672,240.0,243.44000244140625,241.44847106933594,1181900,47.2599983215332,48.27000045776367,47.220001220703125,47.380001068115234,45.799137115478516,17960500
398.6700134277344,401.5799865722656,395.8999938964844,397.7799987792969,397.7799987792969,162100,246.0,246.0,240.1199951171875,241.6699981689453,239.6929473876953,994800,47.560001373291016,47.849998474121094,47.13999938964844,47.68000030517578,46.08912658691406,26210700
398.8800048828125,398.8800048828125,391.57000732421875,396.57000732421875,396.57000732421875,171900,241.49000549316406,241.74000549316406,234.5,235.27000427246094,233.34530639648438,1080400,48.47999954223633,48.54999923706055,45.689998626708984,45.75,44.2235221862793,38601700
397.2099914550781,397.760009765625,387.25,387.7099914550781,387.7099914550781,213800,234.1199951171875,239.4499969482422,234.0,237.66000366210938,235.71575927734375,880100,45.810001373291016,46.619998931884766,45.720001220703125,46.2599983215332,44.71650695800781,18521400
390.29998779296875,393.04998779296875,379.3999938964844,384.6099853515625,384.6099853515625,254100,238.00999450683594,239.1300048828125,235.0800018310547,237.02999877929688,235.0908966064453,1071300,46.75,47.65999984741211,46.68000030517578,47.02000045776367,45.45114517211914,24685000
387.8500061035156,397.32000732421875,385.3500061035156,397.07000732421875,397.07000732421875,353500,237.0,237.5500030517578,231.5399932861328,232.52000427246094,230.61781311035156,1242500,47.08000183105469,47.84000015258789,46.619998931884766,47.52000045776367,45.93446350097656,15789100
398.6300048828125,401.5199890136719,394.6199951171875,398.2099914550781,398.2099914550781,174200,230.0,231.52999877929688,221.57000732421875,223.11000061035156,221.2847900390625,2255800,47.38999938964844,47.880001068115234,47.22999954223633,47.40999984741211,45.82813262939453,17647200
405.2300109863281,415.8299865722656,402.2300109863281,414.17999267578125,414.17999267578125,355600,220.75,221.1199951171875,211.57000732421875,215.99000549316406,214.22303771972656,2832600,47.540000915527344,47.599998474121094,46.81999969482422,47.04999923706055,45.48014450073242,18247400
413.07000732421875,419.8800048828125,413.07000732421875,416.8999938964844,416.8999938964844,205600,213.9199981689453,214.38999938964844,208.35000610351562,210.8000030517578,209.07550048828125,2291700,46.97999954223633,47.84000015258789,46.97999954223633,47.65999984741211,46.069793701171875,19006200
413.9100036621094,423.260009765625,410.0400085449219,420.5,420.5,172500,212.63999938964844,217.77000427246094,211.41000366210938,212.50999450683594,210.77149963378906,2097700,47.4900016784668,47.779998779296875,47.060001373291016,47.09000015258789,45.5188102722168,14729900
417.25,423.2099914550781,412.8800048828125,422.6300048828125,422.6300048828125,225400,211.47000122070312,213.11000061035156,208.13999938964844,210.02000427246094,208.3018798828125,1626900,47.38999938964844,47.75,47.02000045776367,47.4900016784668,45.90546417236328,12267900
425.0,431.7900085449219,421.3999938964844,422.1400146484375,422.1400146484375,377500,210.92999267578125,210.9499969482422,205.11000061035156,205.9499969482422,204.26515197753906,2250200,47.599998474121094,49.119998931884766,47.439998626708984,47.880001068115234,46.28245544433594,25162700
426.739990234375,426.739990234375,406.45001220703125,416.6099853515625,416.6099853515625,276100,210.3300018310547,211.9600067138672,205.6199951171875,208.0500030517578,206.34799194335938,1828100,48.31999969482422,48.36000061035156,47.09000015258789,47.40999984741211,45.82813262939453,20871700
415.2900085449219,417.1199951171875,403.70001220703125,405.3599853515625,405.3599853515625,234300,208.07000732421875,215.82000732421875,206.80999755859375,212.27999877929688,210.5433807373047,3307800,47.59000015258789,48.04999923706055,47.36000061035156,47.65999984741211,46.069793701171875,14377200
403.05999755859375,408.57000732421875,396.6199951171875,407.30999755859375,407.30999755859375,248500,210.0,211.0399932861328,205.92999267578125,207.99000549316406,206.2884979248047,1944300,47.33000183105469,47.470001220703125,46.810001373291016,47.06999969482422,45.49947738647461,15219100
405.1700134277344,412.4200134277344,403.4200134277344,403.75,403.75,227500,205.49000549316406,205.72000122070312,201.0,202.88999938964844,201.23020935058594,2041500,46.41999816894531,46.68000030517578,45.95000076293945,46.310001373291016,44.764835357666016,13101100
402.8800048828125,405.0,396.9200134277344,401.79998779296875,401.79998779296875,244500,214.5399932861328,214.99000549316406,198.82000732421875,199.35000610351562,197.71917724609375,3202400,45.970001220703125,46.470001220703125,45.709999084472656,46.209999084472656,44.66817092895508,13467100
408.7900085449219,419.0,399.6099853515625,400.0,400.0,493300,200.89999389648438,205.86000061035156,199.25999450683594,200.08999633789062,198.45310974121094,2147300,45.72999954223633,46.689998626708984,45.560001373291016,45.709999084472656,44.697505950927734,18320300
398.5400085449219,404.07000732421875,398.010009765625,401.5199890136719,401.5199890136719,334900,200.14999389648438,200.44000244140625,194.72000122070312,196.75,195.1404266357422,1723500,45.95000076293945,46.2400016784668,45.630001068115234,45.83000183105469,44.81485366821289,16972000
400.5199890136719,403.8500061035156,398.32000732421875,402.80999755859375,402.80999755859375,184900,193.91000366210938,195.6999969482422,191.52999877929688,195.64999389648438,194.04942321777344,1505900,45.02000045776367,45.22999954223633,44.13999938964844,45.15999984741211,44.159690856933594,18524500
401.95001220703125,403.3399963378906,395.239990234375,396.739990234375,396.739990234375,158200,196.5,197.5399932861328,194.11000061035156,194.22000122070312,192.63113403320312,1077800,45.02000045776367,45.189998626708984,44.40999984741211,44.439998626708984,43.45563507080078,13957100
398.4100036621094,402.54998779296875,395.510009765625,397.94000244140625,397.94000244140625,185000,195.5500030517578,195.82000732421875,191.16000366210938,191.6699981689453,190.10198974609375,1954200,44.709999084472656,44.9900016784668,44.25,44.34000015258789,43.357852935791016,12112300
395.55999755859375,399.3699951171875,392.04998779296875,397.1199951171875,397.1199951171875,133500,190.3300018310547,190.50999450683594,186.75999450683594,187.49000549316406,185.95619201660156,1782700,44.040000915527344,44.619998931884766,43.97999954223633,44.56999969482422,43.582759857177734,11971200
395.0400085449219,399.4800109863281,393.739990234375,395.1300048828125,395.1300048828125,99000,184.77999877929688,185.97999572753906,182.0800018310547,185.5399932861328,184.0221405029297,2802500,44.08000183105469,44.40999984741211,43.97999954223633,44.099998474121094,43.1231689453125,14280300
393.239990234375,396.1499938964844,390.2699890136719,394.7099914550781,394.7099914550781,117800,182.8800048828125,184.9600067138672,179.27999877929688,184.0399932861328,182.53439331054688,2676500,43.650001525878906,43.650001525878906,43.18000030517578,43.209999084472656,42.25288391113281,17125100
393.0400085449219,393.2099914550781,385.69000244140625,386.4599914550781,386.4599914550781,117100,182.1999969482422,186.7899932861328,179.85000610351562,181.52999877929688,180.04493713378906,1851200,43.02000045776367,43.15999984741211,42.56999969482422,42.63999938964844,41.69550704956055,13963600
387.4100036621094,389.3399963378906,383.239990234375,385.6700134277344,385.6700134277344,110300,181.27999877929688,184.69000244140625,180.0399932861328,182.67999267578125,181.18551635742188,2091300,42.84000015258789,43.08000183105469,42.09000015258789,42.459999084472656,41.51949691772461,16123600
382.6700134277344,385.3399963378906,375.9200134277344,380.42999267578125,380.42999267578125,170800,180.7899932861328,183.6699981689453,180.32000732421875,183.38999938964844,181.8897247314453,1775100,42.150001525878906,42.79999923706055,42.09000015258789,42.25,41.31414794921875,12902900
380.2200012207031,382.04998779296875,376.1099853515625,380.1499938964844,380.1499938964844,90300,185.97999572753906,188.5399932861328,185.6999969482422,188.07000732421875,186.5314483642578,1787100,42.619998931884766,42.7599983215332,41.66999816894531,42.06999969482422,41.13813400268555,14486300
378.4599914550781,384.3299865722656,378.4599914550781,379.07000732421875,379.07000732421875,90700,189.75999450683594,190.47000122070312,185.8800048828125,188.16000366210938,186.62071228027344,1869900,42.310001373291016,42.380001068115234,40.970001220703125,41.02000045776367,40.111392974853516,20525300
380.0299987792969,386.2300109863281,380.0299987792969,385.9599914550781,385.9599914550781,74700,188.52000427246094,192.35000610351562,186.75999450683594,191.77999877929688,190.21109008789062,1189200,41.060001373291016,41.22999954223633,40.77000045776367,41.08000183105469,40.170066833496094,16214500
385.5400085449219,388.6000061035156,380.760009765625,382.2699890136719,382.2699890136719,110000,192.0399932861328,192.92999267578125,189.35000610351562,190.74000549316406,189.17959594726562,1281300,41.02000045776367,41.66999816894531,40.720001220703125,41.08000183105469,40.170066833496094,15579600
381.95001220703125,384.3999938964844,378.1400146484375,381.7799987792969,381.7799987792969,110300,190.0,190.8699951171875,185.66000366210938,189.74000549316406,188.18777465820312,1761100,41.2599983215332,41.65999984741211,40.779998779296875,41.2400016784668,40.32652282714844,16881900
383.04998779296875,387.70001220703125,383.04998779296875,385.3800048828125,385.3800048828125,116300,189.47000122070312,192.97999572753906,189.00999450683594,189.63999938964844,188.08860778808594,1176300,41.47999954223633,41.86000061035156,41.150001525878906,41.31999969482422,40.404747009277344,14125900
387.0,395.6400146484375,385.7200012207031,395.6000061035156,395.6000061035156,96500,190.6300048828125,198.7899932861328,189.4600067138672,197.75,196.13226318359375,1713000,41.29999923706055,41.77000045776367,41.2599983215332,41.720001220703125,40.7958869934082,13199700
396.1099853515625,399.5400085449219,390.7200012207031,396.8500061035156,396.8500061035156,101900,197.2100067138672,199.22000122070312,195.7100067138672,198.58999633789062,196.96539306640625,1081400,41.689998626708984,41.84000015258789,41.34000015258789,41.369998931884766,40.45363998413086,18211400
398.1099853515625,404.0899963378906,395.82000732421875,400.20001220703125,400.20001220703125,174600,199.58999633789062,199.97000122070312,197.89999389648438,198.7100067138672,197.08441162109375,1001100,41.5099983215332,41.68000030517578,41.0099983215332,41.290000915527344,40.37541198730469,17795700
403.94000244140625,406.44000244140625,392.6000061035156,394.6000061035156,394.6000061035156,123200,200.66000366210938,202.0399932861328,198.60000610351562,200.25999450683594,198.62171936035156,1158100,41.59000015258789,41.81999969482422,41.380001068115234,41.59000015258789,40.66876983642578,12408300
392.32000732421875,394.510009765625,381.2900085449219,382.239990234375,382.239990234375,166100,200.24000549316406,203.6199951171875,197.3300018310547,200.8000030517578,199.1573028564453,2580900,41.529998779296875,41.93000030517578,41.189998626708984,41.36000061035156,40.44386291503906,15843400
380.510009765625,380.510009765625,367.4200134277344,369.9800109863281,369.9800109863281,305700,200.4499969482422,201.75999450683594,187.88999938964844,189.8300018310547,188.27703857421875,2544100,41.02000045776367,41.4900016784668,40.90999984741211,41.369998931884766,40.45363998413086,13675200
368.05999755859375,369.260009765625,365.0,367.8800048828125,367.8800048828125,160300,186.69000244140625,188.36000061035156,184.02999877929688,187.57000732421875,186.03553771972656,1766700,41.06999969482422,41.369998931884766,40.70000076293945,40.72999954223633,39.827816009521484,12406100
365.6700134277344,365.7099914550781,350.7699890136719,357.9100036621094,357.9100036621094,229200,187.0500030517578,187.50999450683594,182.30999755859375,184.42999267578125,182.9212188720703,1531400,40.61000061035156,40.689998626708984,40.279998779296875,40.59000015258789,39.69091796875,15055400
356.2300109863281,367.3599853515625,356.2300109863281,362.7099914550781,362.7099914550781,211400,186.3000030517578,189.19000244140625,185.64999389648438,186.32000732421875,184.79576110839844,1297900,40.810001373291016,41.369998931884766,40.529998779296875,40.59000015258789,39.69091796875,11404200
360.510009765625,363.44000244140625,358.19000244140625,361.95001220703125,361.95001220703125,141200,186.0,188.39999389648438,183.61000061035156,184.35000610351562,182.84188842773438,1480700,40.56999969482422,42.060001373291016,40.560001373291016,41.68000030517578,40.75677490234375,24774700
359.5299987792969,371.70001220703125,359.5299987792969,368.5799865722656,368.5799865722656,184500,185.30999755859375,186.82000732421875,182.97999572753906,184.5800018310547,183.0699920654297,1437600,41.939998626708984,42.900001525878906,41.68000030517578,42.369998931884766,41.43149185180664,31031900
370.1600036621094,374.6499938964844,365.0199890136719,373.2799987792969,373.2799987792969,140000,186.14999389648438,186.6300048828125,183.80999755859375,184.97000122070312,183.85523986816406,1552600,42.790000915527344,43.439998626708984,42.72999954223633,43.13999938964844,42.18443298339844,19422800
370.92999267578125,384.3699951171875,370.92999267578125,376.2300109863281,376.2300109863281,530400,184.3300018310547,188.47000122070312,182.92999267578125,183.83999633789062,182.73204040527344,1980400,42.75,43.2400016784668,42.65999984741211,42.709999084472656,41.76395797729492,22975500
375.6000061035156,377.8800048828125,366.67999267578125,367.7200012207031,367.7200012207031,167000,183.3800048828125,183.5,179.47000122070312,181.6199951171875,180.52542114257812,1419800,42.599998474121094,42.779998779296875,42.400001525878906,42.63999938964844,41.69550704956055,10467400
366.4700012207031,368.2799987792969,359.6099853515625,360.3699951171875,360.3699951171875,151000,181.3000030517578,182.25,178.41000366210938,179.99000549316406,178.90524291992188,1397000,42.790000915527344,42.86000061035156,42.470001220703125,42.68000030517578,41.734622955322266,11031700
364.3900146484375,370.57000732421875,363.54998779296875,364.4200134277344,364.4200134277344,100900,180.08999633789062,181.47999572753906,174.2100067138672,174.44000244140625,173.38870239257812,1729600,42.95000076293945,43.130001068115234,42.27000045776367,42.29999923706055,41.363040924072266,11240700
361.6099853515625,361.6099853515625,354.7799987792969,357.29998779296875,357.29998779296875,143800,172.5,172.72000122070312,167.6699981689453,168.94000244140625,167.92184448242188,2246100,42.060001373291016,42.36000061035156,41.689998626708984,41.709999084472656,40.78610610961914,12260100
357.3999938964844,358.7699890136719,351.9599914550781,353.0299987792969,353.0299987792969,104300,172.14999389648438,173.50999450683594,167.67999267578125,168.2100067138672,167.1962432861328,1288100,41.75,41.86000061035156,40.86000061035156,40.91999816894531,40.013607025146484,15438200
351.6099853515625,354.760009765625,349.2699890136719,353.17999267578125,353.17999267578125,88500,166.38999938964844,167.89999389648438,164.22999572753906,166.88999938964844,165.8842010498047,1788700,40.75,41.09000015258789,40.58000183105469,41.02000045776367,40.111392974853516,10866800
351.5199890136719,356.69000244140625,349.80999755859375,350.25,350.25,83400,164.50999450683594,166.16000366210938,162.0,163.64999389648438,162.66372680664062,2295000,40.66999816894531,41.040000915527344,40.060001373291016,40.220001220703125,39.3291130065918,21786500
353.20001220703125,354.70001220703125,351.3900146484375,352.4700012207031,352.4700012207031,111400,165.11000061035156,165.5800018310547,162.07000732421875,162.6300048828125,161.64987182617188,2245600,40.290000915527344,40.630001068115234,39.939998626708984,40.459999084472656,39.56379699707031,15083400
352.739990234375,358.6499938964844,350.8299865722656,356.1199951171875,356.1199951171875,99900,163.97999572753906,173.27999877929688,163.52000427246094,172.39999389648438,171.36099243164062,2547500,40.47999954223633,41.349998474121094,40.40999984741211,41.20000076293945,40.28740692138672,14409800
359.760009765625,362.0199890136719,356.19000244140625,358.45001220703125,358.45001220703125,165500,175.0,176.8300018310547,169.69000244140625,170.0399932861328,169.0152130126953,1969600,41.45000076293945,41.88999938964844,40.91999816894531,41.130001068115234,40.21895980834961,16905600
355.5400085449219,358.8399963378906,347.0,351.54998779296875,351.54998779296875,125800,169.19000244140625,169.58999633789062,161.3699951171875,162.41000366210938,161.4311981201172,1949900,40.9900016784668,41.04999923706055,40.290000915527344,40.5,39.60291290283203,16178900
348.739990234375,352.8699951171875,347.239990234375,350.4599914550781,350.4599914550781,128100,160.0,161.3000030517578,155.14999389648438,156.77000427246094,155.8251953125,2514900,40.20000076293945,40.540000915527344,39.59000015258789,39.86000061035156,38.977088928222656,19283400
351.1199951171875,356.7900085449219,348.8500061035156,355.20001220703125,355.20001220703125,104800,157.55999755859375,158.8800048828125,152.1300048828125,158.39999389648438,157.4453582763672,2304300,39.689998626708984,39.93000030517578,39.13999938964844,39.810001373291016,38.92819595336914,23342000
355.95001220703125,357.3599853515625,351.2200012207031,355.2200012207031,355.2200012207031,128200,157.2100067138672,157.6699981689453,152.0,155.02999877929688,154.09567260742188,1948500,39.619998931884766,39.880001068115234,39.189998626708984,39.880001068115234,38.996646881103516,18734100
353.1199951171875,359.0,352.80999755859375,356.760009765625,356.760009765625,94000,154.66000366210938,161.1699981689453,153.66000366210938,159.83999633789062,158.87669372558594,1834200,39.68000030517578,40.849998474121094,39.5099983215332,40.56999969482422,39.671363830566406,17072400
354.8500061035156,361.0299987792969,350.3999938964844,358.9200134277344,358.9200134277344,136900,157.19000244140625,158.5,153.1999969482422,155.75,154.81134033203125,2607400,40.18000030517578,41.0099983215332,39.95000076293945,40.7400016784668,39.83759689331055,14859700
358.989990234375,366.29998779296875,356.29998779296875,365.0400085449219,365.0400085449219,141100,158.75999450683594,164.0,158.00999450683594,162.0800018310547,161.1031951904297,2484900,41.13999938964844,41.7599983215332,41.13999938964844,41.439998626708984,40.52208709716797,18902100
365.19000244140625,365.19000244140625,355.6300048828125,357.0,357.0,96600,162.0800018310547,166.33999633789062,162.0800018310547,164.8000030517578,163.80679321289062,1777300,41.63999938964844,42.0,41.36000061035156,41.529998779296875,40.61009216308594,12763900
356.2699890136719,361.4100036621094,343.9200134277344,346.69000244140625,346.69000244140625,274900,174.8000030517578,177.52000427246094,165.94000244140625,170.8000030517578,169.77064514160156,3322900,41.400001525878906,41.790000915527344,41.119998931884766,41.529998779296875,40.61009216308594,18112500
344.3599853515625,348.9700012207031,340.0899963378906,344.7300109863281,344.7300109863281,164400,171.83999633789062,175.1999969482422,162.8000030517578,163.3800048828125,162.39535522460938,2288900,42.959999084472656,43.31999969482422,41.349998474121094,41.43000030517578,40.51231002807617,32082900
346.239990234375,354.7300109863281,340.2300109863281,351.0799865722656,351.0799865722656,154400,165.97000122070312,169.83999633789062,165.5800018310547,167.72999572753906,166.71913146972656,1884300,41.95000076293945,42.0,40.529998779296875,40.95000076293945,40.042945861816406,25044200
346.4100036621094,346.4100036621094,336.92999267578125,341.04998779296875,341.04998779296875,335800,166.22000122070312,172.08999633789062,165.50999450683594,169.47999572753906,168.45858764648438,1594500,40.650001525878906,41.66999816894531,40.599998474121094,41.20000076293945,40.28740692138672,20258100
329.1400146484375,329.1400146484375,309.0199890136719,314.0,314.0,517100,163.64999389648438,164.05999755859375,152.05999755859375,152.88999938964844,151.96856689453125,5773400,40.939998626708984,40.939998626708984,40.16999816894531,40.470001220703125,39.57357406616211,23232600
317.8399963378906,325.19000244140625,313.0799865722656,315.989990234375,315.989990234375,285900,150.57000732421875,151.60000610351562,142.6699981689453,144.55999755859375,143.68878173828125,4207900,40.2599983215332,40.75,40.029998779296875,40.060001373291016,39.17266082763672,17483300
315.510009765625,317.8399963378906,309.0199890136719,310.7900085449219,310.7900085449219,252400,142.94000244140625,144.6199951171875,138.5500030517578,138.67999267578125,137.84420776367188,3655200,39.970001220703125,40.2400016784668,39.560001373291016,39.68000030517578,38.80107498168945,21387700
309.0,309.0,301.7699890136719,301.8999938964844,301.8999938964844,217900,136.55999755859375,138.85000610351562,134.33999633789062,136.27999877929688,135.4586639404297,3210900,39.58000183105469,39.619998931884766,38.790000915527344,38.88999938964844,38.02857208251953,21333500
300.45001220703125,306.05999755859375,298.6099853515625,303.7099914550781,303.7099914550781,240700,137.0,141.8000030517578,136.94000244140625,139.24000549316406,138.40084838867188,2326400,38.91999816894531,39.29999923706055,38.7400016784668,38.93000030517578,38.06768798828125,17181000
297.489990234375,297.489990234375,288.1199951171875,290.07000732421875,290.07000732421875,293100,136.0,138.11000061035156,133.22000122070312,135.32000732421875,134.5044708251953,2988400,38.70000076293945,38.849998474121094,38.2599983215332,38.61000061035156,37.75477600097656,15570100
289.79998779296875,292.7699890136719,285.70001220703125,291.5299987792969,291.5299987792969,378000,136.38999938964844,138.9499969482422,134.67999267578125,135.2100067138672,134.39512634277344,2272300,38.5,39.75,38.470001220703125,39.34000015258789,38.468605041503906,25109600
274.3999938964844,276.2699890136719,266.19000244140625,270.67999267578125,270.67999267578125,847700,136.7899932861328,138.35000610351562,133.80999755859375,134.44000244140625,133.62977600097656,1508000,39.33000183105469,39.369998931884766,38.16999816894531,38.2400016784668,37.39297103881836,20654700
275.0799865722656,275.0799865722656,261.5899963378906,269.3699951171875,269.3699951171875,449700,136.0,137.47999572753906,126.7699966430664,127.41000366210938,126.64214324951172,3854400,38.54999923706055,38.970001220703125,38.40999984741211,38.93000030517578,38.06768798828125,21777500
273.8500061035156,284.739990234375,272.6199951171875,275.2799987792969,275.2799987792969,251800,126.66999816894531,127.3499984741211,123.16999816894531,126.77999877929688,126.01593017578125,6601200,39.040000915527344,39.529998779296875,38.91999816894531,39.4900016784668,38.61528396606445,16373100
274.1700134277344,278.0899963378906,267.8599853515625,277.5,277.5,227300,125.77999877929688,126.0,119.61000061035156,122.95999908447266,122.21895599365234,4793400,39.540000915527344,39.84000015258789,39.279998779296875,39.599998474121094,38.72284698486328,16011000
281.2900085449219,284.6700134277344,279.989990234375,281.19000244140625,281.19000244140625,271300,119.0,127.0,116.3499984741211,124.62000274658203,123.86895751953125,7173500,39.9900016784668,41.369998931884766,39.93000030517578,41.349998474121094,40.43408203125,23283600
288.8699951171875,293.8399963378906,286.20001220703125,287.8800048828125,287.8800048828125,238700,127.80999755859375,134.22000122070312,126.51000213623047,127.9800033569336,127.20870208740234,4234900,41.560001373291016,42.470001220703125,41.540000915527344,42.2599983215332,41.86046600341797,20282100
287.760009765625,295.45001220703125,285.0,288.8599853515625,288.8599853515625,437300,125.08999633789062,125.73999786376953,118.5,119.45999908447266,118.74004364013672,4014100,42.369998931884766,42.369998931884766,41.7599983215332,42.040000915527344,41.642547607421875,20843900
288.29998779296875,303.2900085449219,288.29998779296875,302.82000732421875,302.82000732421875,456100,119.0,123.12000274658203,118.5999984741211,122.11000061035156,121.37407684326172,2695000,41.70000076293945,42.15999984741211,41.650001525878906,41.959999084472656,41.56330490112305,11463200
304.6300048828125,310.6099853515625,301.260009765625,305.1400146484375,305.1400146484375,490700,121.61000061035156,123.4000015258789,117.86000061035156,119.01000213623047,118.29276275634766,2398500,41.849998474121094,42.15999984741211,41.529998779296875,41.81999969482422,41.42462921142578,14761600
307.0199890136719,311.2300109863281,305.20001220703125,306.7799987792969,306.7799987792969,557400,119.9800033569336,120.5999984741211,113.63999938964844,114.5999984741211,113.90933227539062,2744600,42.08000183105469,42.279998779296875,41.290000915527344,41.5,41.1076545715332,19128400
305.9599914550781,307.32000732421875,298.4599914550781,304.0400085449219,304.0400085449219,382700,114.75,117.76000213623047,113.18000030517578,116.9800033569336,116.27499389648438,2647000,41.70000076293945,42.150001525878906,41.470001220703125,42.08000183105469,41.68217086791992,11912500
301.30999755859375,307.67999267578125,298.04998779296875,303.75,303.75,300000,114.61000061035156,116.87999725341797,112.0,114.19000244140625,113.5018081665039,4332900,41.959999084472656,42.90999984741211,41.93000030517578,42.70000076293945,42.29631042480469,16332100
313.3500061035156,314.82000732421875,306.94000244140625,307.4800109863281,307.4800109863281,438500,118.75,126.31999969482422,118.75,125.31999969482422,124.56472778320312,4044100,43.11000061035156,44.77000045776367,43.099998474121094,44.36000061035156,43.940616607666016,26218500
307.4599914550781,313.20001220703125,303.8999938964844,306.8900146484375,306.8900146484375,414000,127.16999816894531,134.4600067138672,127.16000366210938,127.72000122070312,126.95027160644531,3351300,44.47999954223633,45.220001220703125,44.47999954223633,44.880001068115234,44.4556999206543,18894900
309.1400146484375,311.6600036621094,299.3800048828125,304.5,304.5,421400,124.80000305175781,127.04000091552734,120.4800033569336,122.5999984741211,121.86112213134766,3561700,44.7599983215332,45.099998474121094,44.31999969482422,44.66999816894531,44.2476806640625,14744800
308.1400146484375,309.5899963378906,297.2200012207031,299.3599853515625,299.3599853515625,394400,125.0,127.43000030517578,123.04000091552734,127.38999938964844,126.62225341796875,2016300,44.939998626708984,45.38999938964844,44.650001525878906,45.36000061035156,44.93115997314453,15573100
298.5400085449219,304.8599853515625,296.7300109863281,304.5199890136719,304.5199890136719,187400,127.56999969482422,131.50999450683594,126.25,130.36000061035156,129.57435607910156,2915700,45.279998779296875,45.7400016784668,45.209999084472656,45.2599983215332,44.83210372924805,19670300
305.239990234375,314.489990234375,305.239990234375,306.17999267578125,306.17999267578125,198000,128.6999969482422,130.72000122070312,125.41000366210938,126.12999725341797,125.36984252929688,2553500,45.119998931884766,45.33000183105469,44.70000076293945,45.09000015258789,44.66371154785156,14466700
308.30999755859375,311.239990234375,305.760009765625,309.8800048828125,309.8800048828125,112500,126.12999725341797,126.62999725341797,121.0,126.58999633789062,125.82707214355469,2590700,45.310001373291016,45.31999969482422,44.84000015258789,45.02000045776367,44.59437561035156,9441200
308.7300109863281,312.5799865722656,307.9599914550781,311.19000244140625,311.19000244140625,65000,125.23999786376953,130.27999877929688,125.19999694824219,128.8699951171875,128.0933380126953,1429500,44.88999938964844,45.52000045776367,44.84000015258789,45.22999954223633,44.802391052246094,5941000
308.9800109863281,309.1400146484375,305.67999267578125,307.1400146484375,307.1400146484375,408400,125.4000015258789,125.79000091552734,118.31999969482422,120.77999877929688,120.05208587646484,4314700,44.959999084472656,45.189998626708984,44.86000061035156,45.08000183105469,44.65380859375,14679700
307.2300109863281,308.3800048828125,303.260009765625,304.3999938964844,304.3999938964844,149300,121.5,125.94999694824219,120.16999816894531,123.91000366210938,123.1632308959961,2438800,45.029998779296875,45.040000915527344,44.560001373291016,44.86000061035156,44.43588638305664,14064700
305.17999267578125,308.8800048828125,304.0799865722656,304.489990234375,304.489990234375,293500,126.45999908447266,128.4499969482422,121.62999725341797,123.37999725341797,122.63642120361328,2546400,45.22999954223633,46.029998779296875,45.15999984741211,45.75,45.317474365234375,14027600
304.1000061035156,306.1300048828125,300.30999755859375,304.9200134277344,304.9200134277344,213500,124.20999908447266,124.20999908447266,118.80000305175781,121.2699966430664,120.53913879394531,4047900,45.790000915527344,46.16999816894531,45.58000183105469,46.099998474121094,45.664161682128906,16249000
305.0,308.2699890136719,300.9800109863281,307.0,307.0,249300,119.72000122070312,126.22000122070312,119.19999694824219,126.16000366210938,125.39967346191406,2803400,46.0,47.2599983215332,45.88999938964844,47.22999954223633,46.78348159790039,20050200
305.0299987792969,310.54998779296875,302.6499938964844,308.92999267578125,308.92999267578125,437500,123.9000015258789,125.95999908447266,119.20999908447266,119.9800033569336,119.25691986083984,3416700,46.790000915527344,47.47999954223633,46.70000076293945,47.369998931884766,46.922157287597656,19351000
307.4200134277344,307.4200134277344,303.2900085449219,305.7799987792969,305.7799987792969,224600,116.22000122070312,116.94999694824219,112.12000274658203,113.26000213623047,112.5774154663086,4357500,47.0099983215332,47.380001068115234,46.40999984741211,46.70000076293945,46.25849151611328,14813100
307.739990234375,314.7300109863281,304.9599914550781,310.7300109863281,310.7300109863281,293700,117.5,122.16999816894531,116.70999908447266,118.30000305175781,117.58704376220703,5036100,47.79999923706055,49.119998931884766,47.779998779296875,47.86000061035156,47.40752410888672,33903400
312.1400146484375,312.1400146484375,306.9100036621094,310.17999267578125,310.17999267578125,172400,121.2300033569336,126.08000183105469,120.94999694824219,125.3499984741211,124.59455108642578,3971300,47.939998626708984,48.7599983215332,47.779998779296875,48.5,48.041473388671875,14896800
308.20001220703125,310.92999267578125,303.1600036621094,304.1300048828125,304.1300048828125,218400,129.0,133.25,127.7300033569336,127.98999786376953,127.21863555908203,4842700,48.5099983215332,49.16999816894531,48.41999816894531,48.88999938964844,48.42778778076172,17578800
305.1600036621094,306.25,302.30999755859375,304.04998779296875,304.04998779296875,349700,124.0,127.04000091552734,120.75,126.54000091552734,125.77738189697266,2798200,48.75,48.95000076293945,48.119998931884766,48.150001525878906,47.694786071777344,17666000
303.8399963378906,303.8399963378906,294.3599853515625,294.760009765625,294.760009765625,377300,126.54000091552734,128.6300048828125,123.44999694824219,127.94000244140625,127.1689453125,3062200,48.0099983215332,48.11000061035156,47.709999084472656,48.060001373291016,47.60563659667969,14735600
294.3599853515625,314.260009765625,293.0199890136719,314.260009765625,314.260009765625,364000,129.36000061035156,140.80999755859375,129.33999633789062,140.05999755859375,139.2158966064453,4955100,48.0,49.529998779296875,47.86000061035156,49.34000015258789,48.87353515625,22212500
316.3500061035156,324.3599853515625,311.19000244140625,311.989990234375,311.989990234375,548400,143.5,148.77000427246094,143.35000610351562,145.88999938964844,145.42608642578125,5668500,50.0099983215332,51.54999923706055,50.0099983215332,50.2400016784668,49.7650260925293,51664900
312.8800048828125,312.8800048828125,304.32000732421875,306.1199951171875,306.1199951171875,525800,147.16000366210938,151.22999572753906,145.50999450683594,147.05999755859375,146.5923614501953,5938100,49.689998626708984,50.099998474121094,49.20000076293945,49.83000183105469,49.35890197753906,35151100
309.4800109863281,310.25,305.6700134277344,307.94000244140625,307.94000244140625,292500,147.13999938964844,147.4199981689453,143.9199981689453,145.91000366210938,145.44602966308594,2652800,50.15999984741211,50.560001373291016,49.54999923706055,49.65999984741211,49.19050598144531,17871400
310.489990234375,315.6099853515625,307.6199951171875,315.1700134277344,315.1700134277344,472900,148.4199981689453,151.2899932861328,147.52999877929688,148.92999267578125,148.45640563964844,2276800,49.41999816894531,51.310001373291016,49.16999816894531,50.93000030517578,50.44850158691406,23161500
314.6499938964844,316.8699951171875,307.2200012207031,308.30999755859375,308.30999755859375,348100,148.6199951171875,150.07000732421875,141.77000427246094,142.52999877929688,142.07676696777344,2627600,50.70000076293945,51.09000015258789,49.869998931884766,50.06999969482422,49.59663009643555,17452100
309.0199890136719,319.5799865722656,308.7200012207031,319.57000732421875,319.57000732421875,264100,146.1199951171875,147.3300018310547,143.47999572753906,145.4499969482422,144.9874725341797,1799800,50.40999984741211,50.66999816894531,49.970001220703125,50.599998474121094,50.121620178222656,13089000
319.57000732421875,324.6199951171875,319.57000732421875,320.739990234375,320.739990234375,180400,145.94000244140625,153.5399932861328,145.4499969482422,150.08999633789062,149.6127166748047,2599100,50.72999954223633,51.2599983215332,50.689998626708984,50.86000061035156,50.3791618347168,14433000
321.0,322.3800048828125,318.2200012207031,320.94000244140625,320.94000244140625,114100,152.08999633789062,153.08999633789062,149.10000610351562,152.38999938964844,151.90541076660156,1958100,50.880001068115234,51.529998779296875,50.790000915527344,51.34000015258789,50.8546257019043,11501500
320.42999267578125,322.1499938964844,317.2099914550781,322.1499938964844,322.1499938964844,115000,153.19000244140625,153.2100067138672,147.22999572753906,149.32000732421875,148.84518432617188,2027600,51.13999938964844,51.58000183105469,50.93000030517578,51.459999084472656,50.973487854003906,9901300
322.3999938964844,326.6000061035156,322.3999938964844,324.6199951171875,324.6199951171875,124400,149.3000030517578,151.7899932861328,149.0,149.42999267578125,148.95481872558594,1378400,51.400001525878906,51.79999923706055,51.400001525878906,51.52000045776367,51.03292465209961,10218500
323.20001220703125,326.1199951171875,322.4599914550781,322.8900146484375,322.8900146484375,119000,149.02999877929688,149.02999877929688,142.14999389648438,144.47999572753906,144.02056884765625,2834100,51.560001373291016,51.61000061035156,51.220001220703125,51.439998626708984,50.953678131103516,13147900
320.7300109863281,331.3699951171875,320.04998779296875,327.989990234375,327.989990234375,205500,143.0,149.61000061035156,141.25999450683594,146.88999938964844,146.4228973388672,1962300,51.29999923706055,53.150001525878906,51.189998626708984,53.040000915527344,52.53855514526367,24784900
326.5299987792969,326.5299987792969,317.30999755859375,318.8599853515625,318.8599853515625,137500,142.58999633789062,142.89999389648438,136.6999969482422,140.17999267578125,139.73423767089844,2731000,53.25,54.369998931884766,52.22999954223633,53.63999938964844,53.13288116455078,30897600
318.3399963378906,321.5299987792969,313.6099853515625,316.4800109863281,316.4800109863281,121900,141.0800018310547,141.0800018310547,135.02999877929688,135.92999267578125,135.49774169921875,3208000,53.91999816894531,54.75,53.65999984741211,53.77000045776367,53.26165008544922,23714300
314.2300109863281,319.9700012207031,314.2300109863281,316.3800048828125,316.3800048828125,157100,135.4199981689453,138.22000122070312,133.9499969482422,135.8300018310547,135.3980712890625,2283800,54.029998779296875,54.66999816894531,53.88999938964844,54.33000183105469,53.81636047363281,17776500
316.6099853515625,323.2200012207031,315.7699890136719,321.9800109863281,321.9800109863281,119100,134.1999969482422,136.99000549316406,132.75,136.5800018310547,136.14569091796875,1879300,53.9900016784668,54.09000015258789,53.02000045776367,54.0099983215332,53.49938201904297,17359500
319.57000732421875,329.7200012207031,316.989990234375,317.7699890136719,317.7699890136719,207100,133.99000549316406,135.1199951171875,131.10000610351562,133.6699981689453,133.24493408203125,1832400,53.849998474121094,53.90999984741211,53.27000045776367,53.47999954223633,52.97439193725586,17237400
316.67999267578125,321.0199890136719,313.0299987792969,320.760009765625,320.760009765625,158800,131.7899932861328,134.08999633789062,130.1199951171875,132.94000244140625,132.51727294921875,2145700,53.04999923706055,53.220001220703125,52.61000061035156,53.02000045776367,52.518741607666016,16532700
318.80999755859375,323.6099853515625,316.9100036621094,320.8299865722656,320.8299865722656,183200,132.74000549316406,133.17999267578125,127.93000030517578,128.64999389648438,128.24090576171875,2976800,51.84000015258789,52.13999938964844,51.2599983215332,52.08000183105469,51.58763122558594,25444400
323.1099853515625,325.4200134277344,316.29998779296875,318.55999755859375,318.55999755859375,150200,128.7899932861328,130.1199951171875,125.6500015258789,126.05000305175781,125.64917755126953,1636800,52.29999923706055,53.849998474121094,51.27000045776367,52.619998931884766,52.12252426147461,37900600
316.0799865722656,317.29998779296875,312.3699951171875,315.2200012207031,315.2200012207031,171600,125.5,127.05000305175781,123.83999633789062,125.94999694824219,125.54948425292969,2256600,51.779998779296875,52.220001220703125,50.869998931884766,51.869998931884766,51.37961196899414,21209400
311.6000061035156,319.1600036621094,303.2099914550781,304.1199951171875,304.1199951171875,134000,123.0199966430664,124.61000061035156,120.23999786376953,120.69999694824219,120.3161849975586,2818600,51.11000061035156,51.689998626708984,51.0,51.36000061035156,50.87443542480469,17393500
304.4599914550781,308.260009765625,303.2099914550781,304.1099853515625,304.1099853515625,307000,121.08999633789062,121.37000274658203,115.12000274658203,117.98999786376953,117.61479949951172,3418700,51.45000076293945,51.58000183105469,50.5099983215332,51.11000061035156,50.626800537109375,15788100
304.54998779296875,307.5899963378906,302.6499938964844,306.6199951171875,306.6199951171875,281000,118.08000183105469,118.08999633789062,112.29000091552734,115.12999725341797,114.7638931274414,4168300,51.119998931884766,51.68000030517578,50.619998931884766,51.52000045776367,51.03292465209961,18200500
307.7099914550781,315.04998779296875,307.7099914550781,312.8399963378906,312.8399963378906,147800,113.77999877929688,122.79000091552734,113.0,120.75,120.36602783203125,4026800,51.9900016784668,53.099998474121094,51.95000076293945,52.84000015258789,52.3404426574707,21573200
316.44000244140625,316.760009765625,311.0799865722656,315.25,315.25,150800,123.91999816894531,127.23999786376953,120.81999969482422,122.58999633789062,122.2001724243164,2877400,52.90999984741211,53.40999984741211,52.59000015258789,53.29999923706055,52.79609298706055,12962500
316.30999755859375,318.6099853515625,314.3699951171875,316.55999755859375,316.55999755859375,210300,125.3499984741211,126.08000183105469,120.0199966430664,121.69000244140625,121.30303955078125,2026500,53.540000915527344,53.650001525878906,52.9900016784668,53.2599983215332,52.7564697265625,14402200
321.3399963378906,324.6000061035156,316.010009765625,316.29998779296875,316.29998779296875,312300,122.0,123.37000274658203,115.95999908447266,118.44999694824219,118.07333374023438,2810400,53.400001525878906,53.77000045776367,53.040000915527344,53.72999954223633,53.22203063964844,15634000
333.510009765625,338.19000244140625,327.6600036621094,329.04998779296875,329.04998779296875,358600,120.06999969482422,122.12999725341797,119.0,119.83999633789062,119.45891571044922,1525000,53.86000061035156,53.9900016784668,53.61000061035156,53.66999816894531,53.162593841552734,14041200
327.69000244140625,331.94000244140625,326.3299865722656,330.0400085449219,330.0400085449219,230800,118.6500015258789,123.27999877929688,117.37999725341797,123.19999694824219,122.80823516845703,1996400,53.470001220703125,54.22999954223633,53.439998626708984,54.11000061035156,53.59843826293945,12158300
330.44000244140625,334.5899963378906,329.04998779296875,332.4100036621094,332.4100036621094,155000,121.2699966430664,122.98999786376953,118.80000305175781,120.30999755859375,119.92742156982422,1948700,55.040000915527344,57.20000076293945,55.0099983215332,57.09000015258789,56.550262451171875,40086100
334.67999267578125,334.67999267578125,320.8900146484375,320.8900146484375,320.8900146484375,186300,119.25,120.0999984741211,114.4800033569336,114.73999786376953,114.37513732910156,3653300,56.7400016784668,57.95000076293945,56.13999938964844,56.16999816894531,55.63895797729492,28967800
320.3599853515625,329.4100036621094,320.3599853515625,328.9599914550781,328.9599914550781,145500,117.0,118.0999984741211,113.29000091552734,116.77999877929688,116.40864562988281,3398400,56.02000045776367,56.59000015258789,54.849998474121094,56.060001373291016,55.53000259399414,21178700
325.6000061035156,327.1700134277344,318.42999267578125,320.42999267578125,320.42999267578125,172100,114.33999633789062,115.58000183105469,112.5,114.25,113.8866958618164,2852400,55.599998474121094,55.97999954223633,54.9900016784668,55.540000915527344,55.540000915527344,19269000
319.0,322.0199890136719,316.2200012207031,318.7200012207031,318.7200012207031,102100,111.77999877929688,112.69999694824219,108.38999938964844,108.7300033569336,108.3842544555664,3891700,54.939998626708984,55.13999938964844,54.11000061035156,54.5,54.5,14040600
319.79998779296875,325.7300109863281,319.30999755859375,325.010009765625,325.010009765625,184700,109.80000305175781,114.02999877929688,109.5999984741211,113.0199966430664,112.66060638427734,3042900,54.380001068115234,54.970001220703125,54.11000061035156,54.349998474121094,54.349998474121094,14832700
327.739990234375,328.3900146484375,321.6199951171875,325.1600036621094,325.1600036621094,180100,114.12999725341797,115.98999786376953,111.5,115.05000305175781,114.68415832519531,2427500,54.5,54.70000076293945,53.77000045776367,54.540000915527344,54.540000915527344,13383300
322.739990234375,328.5199890136719,322.739990234375,326.1099853515625,326.1099853515625,131900,114.06999969482422,115.33999633789062,112.27999877929688,114.33000183105469,113.96644592285156,2473800,54.18000030517578,54.4900016784668,53.59000015258789,54.290000915527344,54.290000915527344,15822200
326.1099853515625,327.489990234375,322.6199951171875,325.2200012207031,325.2200012207031,116100,113.5,116.19000244140625,113.12999725341797,115.77999877929688,115.41182708740234,2491700,54.290000915527344,54.439998626708984,53.529998779296875,53.9900016784668,53.9900016784668,13843300
325.9200134277344,328.7900085449219,324.55999755859375,326.30999755859375,326.30999755859375,155200,115.75,122.6500015258789,115.66000366210938,120.08999633789062,119.70812225341797,2865800,53.56999969482422,54.540000915527344,53.0,53.91999816894531,53.91999816894531,17162300
322.0,323.20001220703125,312.17999267578125,316.1000061035156,316.1000061035156,200500,114.0,114.81999969482422,111.16999816894531,112.19999694824219,111.84320831298828,3997300,53.290000915527344,53.459999084472656,52.2400016784668,52.7599983215332,52.7599983215332,17672100
317.8399963378906,328.1300048828125,315.8900146484375,327.9100036621094,327.9100036621094,174000,113.7300033569336,114.5,111.68000030517578,114.38999938964844,114.02625274658203,3134200,53.63999938964844,54.099998474121094,53.59000015258789,53.97999954223633,53.97999954223633,14891900
326.75,334.8500061035156,326.75,328.7300109863281,328.7300109863281,230800,112.0,124.18000030517578,112.0,117.5,117.12635803222656,6739200,54.220001220703125,55.47999954223633,54.13999938964844,55.209999084472656,55.209999084472656,16865000
350.0,364.239990234375,335.7099914550781,340.5199890136719,340.5199890136719,518600,118.87000274658203,125.8499984741211,118.7699966430664,122.58999633789062,122.2001724243164,4405100,54.959999084472656,55.20000076293945,54.54999923706055,54.849998474121094,54.849998474121094,11513000
337.29998779296875,346.1099853515625,337.29998779296875,343.760009765625,343.760009765625,296800,122.0999984741211,122.0999984741211,113.4000015258789,114.81999969482422,114.45487976074219,3840200,54.58000183105469,55.65999984741211,54.36000061035156,55.41999816894531,55.41999816894531,16537900
341.8599853515625,350.3299865722656,335.1499938964844,338.6400146484375,338.6400146484375,571100,115.19999694824219,120.56999969482422,114.05999755859375,118.55000305175781,118.17302703857422,3683300,55.2599983215332,55.459999084472656,54.97999954223633,55.33000183105469,55.33000183105469,9321800
341.2699890136719,342.0,336.0799865722656,338.4700012207031,338.4700012207031,390400,117.94999694824219,120.4000015258789,116.76000213623047,118.18000030517578,117.80419921875,2018300,55.439998626708984,56.470001220703125,55.40999984741211,55.900001525878906,55.900001525878906,12904800
340.6000061035156,341.3699951171875,336.3800048828125,337.989990234375,337.989990234375,277100,118.4800033569336,122.05000305175781,115.91999816894531,120.6500015258789,120.26634216308594,2762300,55.9900016784668,56.34000015258789,55.75,55.93000030517578,55.93000030517578,11668900
336.6700134277344,339.010009765625,335.82000732421875,338.1600036621094,338.1600036621094,267400,120.0,124.25,118.75,121.5199966430664,121.13357543945312,2081000,55.959999084472656,56.5099983215332,55.34000015258789,55.36000061035156,55.36000061035156,12307100
340.2099914550781,340.2099914550781,328.4100036621094,329.739990234375,329.739990234375,200200,127.44000244140625,130.32000732421875,126.5,128.58999633789062,128.18109130859375,3540300,55.68000030517578,55.91999816894531,55.220001220703125,55.709999084472656,55.709999084472656,11039300
329.7300109863281,331.67999267578125,326.760009765625,330.3500061035156,330.3500061035156,223300,130.66000366210938,133.75,129.97999572753906,132.05999755859375,131.6400604248047,2733100,55.52000045776367,56.18000030517578,54.9900016784668,55.04999923706055,55.04999923706055,13448100
331.6600036621094,334.989990234375,325.19000244140625,325.8800048828125,325.8800048828125,279300,136.5399932861328,140.63999938964844,135.75999450683594,137.85000610351562,137.41165161132812,4563000,55.5,55.650001525878906,54.63999938964844,55.4900016784668,55.4900016784668,23744600
324.92999267578125,335.9800109863281,322.0299987792969,332.29998779296875,332.29998779296875,310200,138.3800048828125,143.19000244140625,137.8800048828125,142.8000030517578,142.34591674804688,3279700,55.47999954223633,55.95000076293945,55.06999969482422,55.599998474121094,55.599998474121094,12431100
332.8699951171875,338.67999267578125,331.9100036621094,334.6700134277344,334.6700134277344,145400,140.14999389648438,140.22000122070312,133.1199951171875,133.1999969482422,132.77642822265625,4216900,55.40999984741211,56.56999969482422,55.290000915527344,56.13999938964844,56.13999938964844,14314700
332.9100036621094,336.5,329.92999267578125,330.94000244140625,330.94000244140625,196800,122.05999755859375,122.44000244140625,106.69000244140625,109.4000015258789,109.05211639404297,19347700,55.75,57.560001373291016,55.75,56.2599983215332,56.2599983215332,19653900
334.2200012207031,339.489990234375,331.1400146484375,333.25,333.25,145700,110.27999877929688,119.83000183105469,110.27999877929688,119.58999633789062,119.20970916748047,15606700,57.06999969482422,57.54999923706055,56.0099983215332,57.290000915527344,57.290000915527344,17845000
335.82000732421875,339.3999938964844,334.2200012207031,339.3999938964844,339.3999938964844,116800,119.05000305175781,123.29000091552734,118.29000091552734,122.66000366210938,122.26995849609375,4235500,57.540000915527344,58.119998931884766,57.029998779296875,57.720001220703125,57.720001220703125,14720300
339.3999938964844,345.30999755859375,339.3999938964844,343.760009765625,343.760009765625,141100,123.30999755859375,124.25,118.0,118.33000183105469,117.95372009277344,3478700,58.040000915527344,58.38999938964844,57.2599983215332,57.5099983215332,57.5099983215332,13026300
343.7200012207031,347.989990234375,341.6400146484375,344.25,344.25,112400,119.37000274658203,125.83999633789062,119.37000274658203,124.75,124.35330963134766,4130100,57.150001525878906,57.540000915527344,56.630001068115234,57.40999984741211,57.40999984741211,9176900
344.30999755859375,344.30999755859375,336.3500061035156,337.2200012207031,337.2200012207031,148800,127.06999969482422,128.5,121.33999633789062,123.93000030517578,123.5359115600586,3443100,57.5099983215332,57.93000030517578,57.08000183105469,57.45000076293945,57.45000076293945,10954000
338.4200134277344,340.7900085449219,334.7799987792969,336.42999267578125,336.42999267578125,129200,122.87999725341797,126.9000015258789,122.22000122070312,125.79000091552734,125.38999938964844,2176900,57.5,58.369998931884766,57.459999084472656,57.7599983215332,57.7599983215332,12982800
334.4700012207031,335.67999267578125,329.1600036621094,332.3999938964844,332.3999938964844,153000,122.5,123.25,119.12999725341797,119.88999938964844,119.88999938964844,3010000,58.33000183105469,58.66999816894531,56.63999938964844,57.09000015258789,57.09000015258789,18833600
328.1400146484375,336.3599853515625,328.1400146484375,333.510009765625,333.510009765625,166900,119.0,123.0,116.7699966430664,122.13999938964844,122.13999938964844,3203000,56.45000076293945,57.75,56.45000076293945,57.61000061035156,57.61000061035156,26160800
